{
  "model_type": "catboost",
  "metrics": {
    "mse": 106.5926050855918,
    "rmse": 10.324369476418006,
    "mae": 8.278517362309481,
    "r2": 0.9862369924118644
  },
  "training_date": "2026-07-14T17:04:51.648903",
  "feature_importance": [
    30.143879195930328,
    51.450340083390124,
    17.88910173506003,
    0.08113187372938878,
    0.3239405218090632,
    0.0029251081227730136,
    0.006884626738674989,
    0.005139873345409731,
    0.00696801813168496,
    0.0383560285973723,
    0.013473719853647164,
    0.012970383907445544,
    0.02488883138406161
  ]
}