{
  "model_type": "random_forest",
  "metrics": {
    "mse": 140.92085648207706,
    "rmse": 11.871009075983265,
    "mae": 9.431791285006646,
    "r2": 0.981804602528177
  },
  "training_date": "2026-07-14T17:04:50.999139",
  "feature_importance": [
    0.22512472975100195,
    0.6654962537550877,
    0.10229686219746097,
    0.0020452245267383287,
    0.002818455145569031,
    0.00022316103729750651,
    0.00026642620427370104,
    0.0002633060780040109,
    0.00027722532461554395,
    0.0002580678725976447,
    0.00030690949542707205,
    0.00029749025045116184,
    0.0003258883614755011
  ]
}