{
  "model_type": "xgboost",
  "metrics": {
    "mse": 127.56029482435228,
    "rmse": 11.294259374759918,
    "mae": 9.092768286632722,
    "r2": 0.9835296894732739
  },
  "training_date": "2026-07-14T17:04:51.142108",
  "feature_importance": [
    0.24745690822601318,
    0.6482610702514648,
    0.08865678310394287,
    0.001313140382990241,
    0.0028103443328291178,
    0.0013965184334665537,
    0.0013051728019490838,
    0.001273130881600082,
    0.0014203974278643727,
    0.001525321276858449,
    0.001325998455286026,
    0.0020464889239519835,
    0.0012085757916793227
  ]
}